Workbook

Sheet DataSheet
A1: 裁判所 | B1: 大阪地方裁判所 | D1: 事件番号 | E1: 令和６年（フ）第 号 | G1: FAX番号 | H1: 携帯
A2: 債務者名 | B2: 鎌田 久登 | D2: ５５３－００２２ | E2: 大阪市東淀川区菅原７丁目５番３９号 ルネッサンスエレガンス６Ｃ
L3: 1 | M3: 借入
A4: 債権者数 | B4: 14 | E4: 黄色部分以外には何も入力しないでください | I4: 計画弁済総額 | L4: 2 | M4: 物販
A5: 債務額 | B5: =SUM(K8:K43) -> 1626254 | E5: 濃い色の部分は基本的に変更できません（債権者４０社まで対応しています） | I5: 実弁済 | K5: =SUM(K8:K47) -> 1626254 | L5: 3 | M5: 保証
E6: 空白部分には［スペース］を入力しておくと，表が崩れません。 | L6: 4 | M6: その他
A7: 債権者番号 | B7: 債権者の氏名又は会社名 | C7: 敬称 | D7: 郵便 番号 | E7: 住 所 | F7: 会員番号 | G7: 電話番号 | H7: ＦＡＸ番号 | I7: 担当者名 | J7: 請求額 | K7: 現在額 | L7: 原因 | M7: 持分比率 | N7: 初回借入日 | O7: 最終取引日 | P7: 住宅ローン | Q7: 保証 | R7: 購入 | S7: 生活費 | T7: 返済 | U7: 飲食交際遊興費 | V7: その他 | W7: 備考 | X7: 調査票 | Y7: 意見
A8: 1 | B8: パルティール債権回収株式会社 代理人弁護士法人引田法律事務所 弁護士 引田紀之 | C8: 先生 | D8: １０３－００１６ | E8: 東京都中央区日本橋小網町６－７ 第２山万ビル３階 | F8: RCK06-06365 | G8: ０３－６６２９－２９９２ | H8: ０３－６７３０－５９５９ | K8: 452053 | L8: 1,2 | N8: 43159 | O8: 43179 | P8: □ | Q8: □ | R8: ☑ | S8: ☑ | T8: □ | U8: □ | V8: □ | W8: 原債権者楽天カード株式会社債権譲渡 大阪簡裁令和５年（ハ）第８０１５４号確定判決 | X8: ☑ | Y8: □
A9: 2 | B9: ＧＭＯペイメントサービス株式会社 管理課 | C9: 御中 | D9: １５０－００４３ | E9: 東京都渋谷区道玄坂１－１４－６ ヒューマックス渋谷ビル | H9: ０５０－３７３７－５１７９ | K9: 52996 | L9: 2 | N9: 43702 | O9: 43705 | P9: □ | Q9: □ | R9: ☑ | S9: □ | T9: □ | U9: □ | V9: □ | W9: 服 | X9: ☑ | Y9: □
A10: 3 | B10: 株式会社メルペイ 代理人ＮＴＳ総合弁護士法人 福岡事務所 メルペイ担当 | C10: 御中 | D10: ８１２－００３９ | E10: 福岡県福岡市博多区冷泉町５－２３ オーシャン博多ビル６階 | G10: ０９２－３０３－３４５２ | H10: ０９２－２９１－０２２０ | K10: 294524 | L10: 2 | N10: 44372 | O10: 44682 | P10: □ | Q10: □ | R10: ☑ | S10: □ | T10: □ | U10: □ | V10: □ | X10: ☑ | Y10: □
A11: 4 | B11: 株式会社Ｐａｉｄｙ Collection team | C11: 御中 | D11: １０７－６２１２ | E11: 東京都港区赤坂９－７－１ ミッドタウンタワー１２階 | G11: ０３－５５４４－８７１７ | H11: ０３－５５４５－５９７６ | K11: 11420 | L11: 2 | N11: 44589 | O11: H/R . . | P11: □ | Q11: □ | R11: ☑ | S11: □ | T11: □ | U11: □ | V11: □ | W11: 服 | X11: ☑ | Y11: □
A12: 5 | B12: 株式会社ネットプロテクションズ BtoCサービス&プロダクトグループ | C12: 御中 | D12: １０２－００８３ | E12: 東京都千代田区麹町４－２－６ 住友不動産麹町ファーストビル５階 | G12: ０３－５１５９－７８８５ | H12: ０３－５１５９－７８９２ | K12: 35359 | L12: 2 | N12: 44590 | O12: 44590 | P12: □ | Q12: □ | R12: ☑ | S12: □ | T12: □ | U12: □ | V12: □ | W12: 靴 | X12: ☑ | Y12: □
A13: 6 | B13: ＡＧペイメントサービス株式会社 | C13: 御中 | D13: ５２５－８５３１ | E13: 滋賀県草津市西大路町１番１号 | F13: ０００３７４８１４８８ほか | G13: ０７７－５０２－００５０ | H13: ０７７－５０２－００５１ | K13: 12931 | L13: 2 | N13: 44590 | O13: 44604 | P13: □ | Q13: □ | R13: ☑ | S13: □ | T13: □ | U13: □ | V13: □ | W13: 服 | X13: ☑ | Y13: □
A14: 7 | B14: オリンポス債権回収株式会社 サービシング事業部 管理課４課 | C14: 御中 | D14: ０６２－００２０ | E14: 北海道札幌市豊平区月寒中央通７－６－２０ ＪＡ月寒中央ビル | F14: 8112-6428-707 | G14: ０１１－８０５－９９００ | H14: ０１１－８５６－１８１２ | I14: 六廣 | K14: 117007 | L14: 2 | N14: 44687 | O14: 44744 | P14: □ | Q14: □ | R14: ☑ | S14: □ | T14: □ | U14: □ | V14: □ | W14: 福岡簡裁令和５年（ハ）第４１８１４号確定判決 原債権者ＰａｙＰａｙカード株式会社2025/8/27債権譲渡 | X14: ☑ | Y14: □
A15: 8 | B15: アコム株式会社 債権管理部 東日本審査センター | C15: 御中 | D15: １０２－００７１ | E15: 東京都千代田区富士見２－１５－１１ ＡＣＯＭ富士見ビル | F15: 70943489 35382675 | G15: ０３－３２２２－２６６６ | H15: ０３－３２２２－２６６７ | K15: =199920+105838 -> 305758 | L15: １ | N15: 44724 | O15: H/R . . | P15: □ | Q15: □ | R15: □ | S15: ☑ | T15: □ | U15: □ | V15: □ | X15: ☑ | Y15: □
A16: 9 | B16: ニッテレ債権回収株式会社 福岡サービシングセンター | C16: 御中 | D16: ８１２－００３９ | E16: 福岡県福岡市博多区冷泉町５－２３ オーシャン博多ビル５階 | F16: ５０９９６４９１－００ | G16: ０９２－２８３－２５７６ | K16: 50000 | L16: １ | N16: 44755 | O16: H/R . . | P16: □ | Q16: □ | R16: □ | S16: ☑ | T16: □ | U16: □ | V16: □ | W16: 原債権者株式会社みんなの銀行 2023/9/29債権譲渡 | X16: ☑ | Y16: □
A17: 10 | B17: ニッテレ債権回収株式会社 札幌サービシングセンター | C17: 御中 | D17: ０６０－００３１ | E17: 北海道札幌市中央区北一条東１－２－５ | F17: ５０８６９０７６－００ | G17: ０１１ー２００－８２００ | H17: ０１１－２８１－７７５５ | K17: 42211 | L17: １ | N17: 44755 | O17: H/R . . | P17: □ | Q17: □ | R17: □ | S17: ☑ | T17: □ | U17: □ | V17: □ | W17: 原債権者LINEＣｒｅｄｉｔ株式会社2023/7/12債権譲渡 | X17: ☑ | Y17: □
A18: 11 | B18: 株式会社ＳＣＯＲＥ | C18: 御中 | D18: ６０１－８４１２ | E18: 京都府京都市南区西九条院町２６ | F18: a0030510120038969581 | G18: ０７５－６８２－２３４６ | H18: ０３－４４６５－７１０９ | I18: 和田 | K18: 13734 | L18: 2 | N18: 44775 | O18: H/R . . | P18: □ | Q18: □ | R18: ☑ | S18: □ | T18: □ | U18: □ | V18: □ | W18: 寝具、ヘッドホン | X18: ☑ | Y18: □
A19: 12 | B19: ＡＧ債権回収株式会社 サービシング部 | C19: 御中 | D19: ５２５－００３７ | E19: 滋賀県草津市西大路町１－１ | F19: ００３５-１９８０２５７-００１ | G19: ０７７－５０３－０２０２ | H19: ０７７－５０３－０２０１ | I19: 高橋 | K19: 47733 | L19: １ | N19: 44826 | O19: H/R . . | P19: □ | Q19: □ | R19: □ | S19: ☑ | T19: □ | U19: □ | V19: □ | W19: アイフル株式会社R7.9.8債権譲渡 | X19: ☑ | Y19: □
A20: 13 | B20: ＫＤＤＩ株式会社 債権管理グループ 債務整理担当 | C20: 御中 | D20: １６３－８５０６ | E20: 東京都新宿区西新宿２－３－２ | F20: KD3-626059 | G20: ０３－６６７０－６９５１ | H20: ０３－３３４８－５８９７ | K20: 124400 | L20: １ | N20: H/R . . | O20: H/R . . | P20: □ | Q20: □ | R20: ☑ | S20: □ | T20: □ | U20: □ | V20: □ | W20: 回答拒否のため、金額不明 | X20: □ | Y20: □
A21: 14 | B21: ライフカード株式会社 | C21: 御中 | D21: ５２５－８５３１ | E21: 滋賀県草津市西大路町１－１ | F21: 5368-7424-1 | G21: ０７７－５６９－３３２１ | H21: ０７７－５６９－３３１７ | K21: 29986 | L21: １ | N21: 44708 | O21: H/R . . | P21: □ | Q21: □ | R21: ☑ | S21: □ | T21: □ | U21: □ | V21: □ | X21: ☑ | Y21: □
A22: 15 | B22: アビリオ債権回収株式会社 東京第一事業部 | C22: 御中 | D22: １３５－００６１ | E22: 東京都江東区豊洲３－２－２０ 豊洲フロント６階 | G22: ０１２０－０４－９２９２ | H22: ０３－６８４４－３０３１ | K22: 36142 | L22: 1 | N22: H/R . . | O22: H/R . . | P22: □ | Q22: □ | R22: □ | S22: □ | T22: □ | U22: □ | V22: □ | W22: 三井住友カード株式会社2025/3/10債権譲渡 | X22: ☑ | Y22: □
A23: 16 | N23: H/R . . | O23: H/R . . | P23: □ | Q23: □ | R23: □ | S23: □ | T23: □ | U23: □ | V23: □ | X23: □ | Y23: □
A24: 17 | N24: H/R . . | O24: H/R . . | P24: □ | Q24: □ | R24: □ | S24: □ | T24: □ | U24: □ | V24: □ | X24: □ | Y24: □
A25: 18 | N25: H/R . . | O25: H/R . . | P25: □ | Q25: □ | R25: □ | S25: □ | T25: □ | U25: □ | V25: □ | X25: □ | Y25: □
A26: 19 | N26: H/R . . | O26: H/R . . | P26: □ | Q26: □ | R26: □ | S26: □ | T26: □ | U26: □ | V26: □ | X26: □ | Y26: □
A27: 20 | N27: H/R . . | O27: H/R . . | P27: □ | Q27: □ | R27: □ | S27: □ | T27: □ | U27: □ | V27: □ | X27: □ | Y27: □
A28: 21 | N28: H/R . . | O28: H/R . . | P28: □ | Q28: □ | R28: □ | S28: □ | T28: □ | U28: □ | V28: □ | X28: □ | Y28: □
A29: 22 | N29: H/R . . | O29: H/R . . | P29: □ | Q29: □ | R29: □ | S29: □ | T29: □ | U29: □ | V29: □ | X29: □ | Y29: □
A30: 23 | N30: H/R . . | O30: H/R . . | P30: □ | Q30: □ | R30: □ | S30: □ | T30: □ | U30: □ | V30: □ | X30: □ | Y30: □
A31: 24 | N31: H/R . . | O31: H/R . . | P31: □ | Q31: □ | R31: □ | S31: □ | T31: □ | U31: □ | V31: □ | X31: □ | Y31: □
A32: 25 | N32: H/R . . | O32: H/R . . | P32: □ | Q32: □ | R32: □ | S32: □ | T32: □ | U32: □ | V32: □ | X32: □ | Y32: □
A33: 26 | N33: H/R . . | O33: H/R . . | P33: □ | Q33: □ | R33: □ | S33: □ | T33: □ | U33: □ | V33: □ | X33: □ | Y33: □
A34: 27 | N34: H/R . . | O34: H/R . . | P34: □ | Q34: □ | R34: □ | S34: □ | T34: □ | U34: □ | V34: □ | X34: □ | Y34: □
... A47: 40 | N47: H/R . . | O47: H/R . . | P47: □ | Q47: □ | R47: □ | S47: □ | T47: □ | U47: □ | V47: □ | X47: □ | Y47: □

Sheet 債権者一覧表（破産用）
A1: 番号 | B1: 債権者名 | C1: 〒 | D1: 住 所 | E1: 現在の債務額(円) | G1: 借入・購入等の日 | H1: 使 途 | I1: 備 考 | J1: 調査票 | K1: 意見
A2: 1 | B2: =DataSheet!B8 -> パルティール債権回収株式会社 代理人弁護士法人引田法律事務所 弁護士 引田紀之 | C2: =DataSheet!D8 -> １０３－００１６ | D2: =DataSheet!E8 -> 東京都中央区日本橋小網町６－７ 第２山万ビル３階 | E2: =DataSheet!K8 -> 452053 | F2: 円 | G2: =TEXT(DataSheet!N8,"[$-411]ge.m.d")&"～"&CHAR(10)&TEXT(DataSheet!O8,"[$-411]ge.m.d") -> H30.2.28～ H30.3.20 | H2: =DataSheet!P8&"住宅ローン"&DataSheet!R8&"購入"&DataSheet!S8&"生活費 "&DataSheet!T8&"返済 "&DataSheet!U8&"飲食交際遊興費 "&DataSheet!Q8&"保証 "&DataSheet!V8&"その他" -> □住宅ローン☑購入☑生活費 □返済 □飲食交際遊興費 □保証 □その他 | I2: =DataSheet!W8 -> 原債権者楽天カード株式会社債権譲渡 大阪簡裁令和５年（ハ）第８０１５４号確定判決 | J2: =DataSheet!X8&"有" -> ☑有 | K2: =DataSheet!Y8&"有" -> □有 | L2: #REF! | M2: #REF!
A3: 2 | B3: =DataSheet!B9 -> ＧＭＯペイメントサービス株式会社 管理課 | C3: =DataSheet!D9 -> １５０－００４３ | D3: =DataSheet!E9 -> 東京都渋谷区道玄坂１－１４－６ ヒューマックス渋谷ビル | E3: =DataSheet!K9 -> 52996 | F3: 円 | G3: =TEXT(DataSheet!N9,"[$-411]ge.m.d")&"～"&CHAR(10)&TEXT(DataSheet!O9,"[$-411]ge.m.d") -> R1.8.25～ R1.8.28 | H3: =DataSheet!P9&"住宅ローン"&DataSheet!R9&"購入"&DataSheet!S9&"生活費 "&DataSheet!T9&"返済 "&DataSheet!U9&"飲食交際遊興費 "&DataSheet!Q9&"保証 "&DataSheet!V9&"その他" -> □住宅ローン☑購入□生活費 □返済 □飲食交際遊興費 □保証 □その他 | I3: =DataSheet!W9 -> 服 | J3: =DataSheet!X9&"有" -> ☑有 | K3: =DataSheet!Y9&"有" -> □有 | L3: =IF(H3="■",F2) -> FALSE | M3: =IF(#REF!="■",G2) -> #REF!
A4: 3 | B4: =DataSheet!B10 -> 株式会社メルペイ 代理人ＮＴＳ総合弁護士法人 福岡事務所 メルペイ担当 | C4: =DataSheet!D10 -> ８１２－００３９ | D4: =DataSheet!E10 -> 福岡県福岡市博多区冷泉町５－２３ オーシャン博多ビル６階 | E4: =DataSheet!K10 -> 294524 | F4: 円 | G4: =TEXT(DataSheet!N10,"[$-411]ge.m.d")&"～"&CHAR(10)&TEXT(DataSheet!O10,"[$-411]ge.m.d") -> R3.6.25～ R4.5.1 | H4: =DataSheet!P10&"住宅ローン"&DataSheet!R10&"購入"&DataSheet!S10&"生活費 "&DataSheet!T10&"返済 "&DataSheet!U10&"飲食交際遊興費 "&DataSheet!Q10&"保証 "&DataSheet!V10&"その他" -> □住宅ローン☑購入□生活費 □返済 □飲食交際遊興費 □保証 □その他 | I4: =DataSheet!W10 | J4: =DataSheet!X10&"有" -> ☑有 | K4: =DataSheet!Y10&"有" -> □有 | L4: =IF(H4="■",F3) -> FALSE | M4: =IF(#REF!="■",G3) -> #REF!
A5: 4 | B5: =DataSheet!B11 -> 株式会社Ｐａｉｄｙ Collection team | C5: =DataSheet!D11 -> １０７－６２１２ | D5: =DataSheet!E11 -> 東京都港区赤坂９－７－１ ミッドタウンタワー１２階 | E5: =DataSheet!K11 -> 11420 | F5: 円 | G5: =TEXT(DataSheet!N11,"[$-411]ge.m.d")&"～"&CHAR(10)&TEXT(DataSheet!O11,"[$-411]ge.m.d") -> R4.1.28～ H/R . . | H5: =DataSheet!P11&"住宅ローン"&DataSheet!R11&"購入"&DataSheet!S11&"生活費 "&DataSheet!T11&"返済 "&DataSheet!U11&"飲食交際遊興費 "&DataSheet!Q11&"保証 "&DataSheet!V11&"その他" -> □住宅ローン☑購入□生活費 □返済 □飲食交際遊興費 □保証 □その他 | I5: =DataSheet!W11 -> 服 | J5: =DataSheet!X11&"有" -> ☑有 | K5: =DataSheet!Y11&"有" -> □有 | L5: =IF(H5="■",F4) -> FALSE | M5: =IF(#REF!="■",G4) -> #REF!
A6: 5 | B6: =DataSheet!B12 -> 株式会社ネットプロテクションズ BtoCサービス&プロダクトグループ | C6: =DataSheet!D12 -> １０２－００８３ | D6: =DataSheet!E12 -> 東京都千代田区麹町４－２－６ 住友不動産麹町ファーストビル５階 | E6: =DataSheet!K12 -> 35359 | F6: 円 | G6: =TEXT(DataSheet!N12,"[$-411]ge.m.d")&"～"&CHAR(10)&TEXT(DataSheet!O12,"[$-411]ge.m.d") -> R4.1.29～ R4.1.29 | H6: =DataSheet!P12&"住宅ローン"&DataSheet!R12&"購入"&DataSheet!S12&"生活費 "&DataSheet!T12&"返済 "&DataSheet!U12&"飲食交際遊興費 "&DataSheet!Q12&"保証 "&DataSheet!V12&"その他" -> □住宅ローン☑購入□生活費 □返済 □飲食交際遊興費 □保証 □その他 | I6: =DataSheet!W12 -> 靴 | J6: =DataSheet!X12&"有" -> ☑有 | K6: =DataSheet!Y12&"有" -> □有 | L6: =IF(H6="■",F5) -> FALSE | M6: =IF(#REF!="■",G5) -> #REF!
A7: 6 | B7: =DataSheet!B13 -> ＡＧペイメントサービス株式会社 | C7: =DataSheet!D13 -> ５２５－８５３１ | D7: =DataSheet!E13 -> 滋賀県草津市西大路町１番１号 | E7: =DataSheet!K13 -> 12931 | F7: 円 | G7: =TEXT(DataSheet!N13,"[$-411]ge.m.d")&"～"&CHAR(10)&TEXT(DataSheet!O13,"[$-411]ge.m.d") -> R4.1.29～ R4.2.12 | H7: =DataSheet!P13&"住宅ローン"&DataSheet!R13&"購入"&DataSheet!S13&"生活費 "&DataSheet!T13&"返済 "&DataSheet!U13&"飲食交際遊興費 "&DataSheet!Q13&"保証 "&DataSheet!V13&"その他" -> □住宅ローン☑購入□生活費 □返済 □飲食交際遊興費 □保証 □その他 | I7: =DataSheet!W13 -> 服 | J7: =DataSheet!X13&"有" -> ☑有 | K7: =DataSheet!Y13&"有" -> □有 | L7: =IF(H7="■",F6) -> FALSE | M7: =IF(#REF!="■",G6) -> #REF!
A8: 7 | B8: =DataSheet!B14 -> オリンポス債権回収株式会社 サービシング事業部 管理課４課 | C8: =DataSheet!D14 -> ０６２－００２０ | D8: =DataSheet!E14 -> 北海道札幌市豊平区月寒中央通７－６－２０ ＪＡ月寒中央ビル | E8: =DataSheet!K14 -> 117007 | F8: 円 | G8: =TEXT(DataSheet!N14,"[$-411]ge.m.d")&"～"&CHAR(10)&TEXT(DataSheet!O14,"[$-411]ge.m.d") -> R4.5.6～ R4.7.2 | H8: =DataSheet!P14&"住宅ローン"&DataSheet!R14&"購入"&DataSheet!S14&"生活費 "&DataSheet!T14&"返済 "&DataSheet!U14&"飲食交際遊興費 "&DataSheet!Q14&"保証 "&DataSheet!V14&"その他" -> □住宅ローン☑購入□生活費 □返済 □飲食交際遊興費 □保証 □その他 | I8: =DataSheet!W14 -> 福岡簡裁令和５年（ハ）第４１８１４号確定判決 原債権者ＰａｙＰａｙカード株式会社2025/8/27債権譲渡 | J8: =DataSheet!X14&"有" -> ☑有 | K8: =DataSheet!Y14&"有" -> □有
A9: 8 | B9: =DataSheet!B15 -> アコム株式会社 債権管理部 東日本審査センター | C9: =DataSheet!D15 -> １０２－００７１ | D9: =DataSheet!E15 -> 東京都千代田区富士見２－１５－１１ ＡＣＯＭ富士見ビル | E9: =DataSheet!K15 -> 305758 | F9: 円 | G9: =TEXT(DataSheet!N15,"[$-411]ge.m.d")&"～"&CHAR(10)&TEXT(DataSheet!O15,"[$-411]ge.m.d") -> R4.6.12～ H/R . . | H9: =DataSheet!P15&"住宅ローン"&DataSheet!R15&"購入"&DataSheet!S15&"生活費 "&DataSheet!T15&"返済 "&DataSheet!U15&"飲食交際遊興費 "&DataSheet!Q15&"保証 "&DataSheet!V15&"その他" -> □住宅ローン□購入☑生活費 □返済 □飲食交際遊興費 □保証 □その他 | I9: =DataSheet!W15 | J9: =DataSheet!X15&"有" -> ☑有 | K9: =DataSheet!Y15&"有" -> □有
A10: 9-1 | B10: =DataSheet!B16 -> ニッテレ債権回収株式会社 福岡サービシングセンター | C10: =DataSheet!D16 -> ８１２－００３９ | D10: =DataSheet!E16 -> 福岡県福岡市博多区冷泉町５－２３ オーシャン博多ビル５階 | E10: =DataSheet!K16 -> 50000 | F10: 円 | G10: =TEXT(DataSheet!N16,"[$-411]ge.m.d")&"～"&CHAR(10)&TEXT(DataSheet!O16,"[$-411]ge.m.d") -> R4.7.13～ H/R . . | H10: =DataSheet!P16&"住宅ローン"&DataSheet!R16&"購入"&DataSheet!S16&"生活費 "&DataSheet!T16&"返済 "&DataSheet!U16&"飲食交際遊興費 "&DataSheet!Q16&"保証 "&DataSheet!V16&"その他" -> □住宅ローン□購入☑生活費 □返済 □飲食交際遊興費 □保証 □その他 | I10: =DataSheet!W16 -> 原債権者株式会社みんなの銀行 2023/9/29債権譲渡 | J10: =DataSheet!X16&"有" -> ☑有 | K10: =DataSheet!Y16&"有" -> □有
A11: 9-2 | B11: =DataSheet!B17 -> ニッテレ債権回収株式会社 札幌サービシングセンター | C11: =DataSheet!D17 -> ０６０－００３１ | D11: =DataSheet!E17 -> 北海道札幌市中央区北一条東１－２－５ | E11: =DataSheet!K17 -> 42211 | F11: 円 | G11: =TEXT(DataSheet!N17,"[$-411]ge.m.d")&"～"&CHAR(10)&TEXT(DataSheet!O17,"[$-411]ge.m.d") -> R4.7.13～ H/R . . | H11: =DataSheet!P17&"住宅ローン"&DataSheet!R17&"購入"&DataSheet!S17&"生活費 "&DataSheet!T17&"返済 "&DataSheet!U17&"飲食交際遊興費 "&DataSheet!Q17&"保証 "&DataSheet!V17&"その他" -> □住宅ローン□購入☑生活費 □返済 □飲食交際遊興費 □保証 □その他 | I11: =DataSheet!W17 -> 原債権者LINEＣｒｅｄｉｔ株式会社2023/7/12債権譲渡 | J11: =DataSheet!X17&"有" -> ☑有 | K11: =DataSheet!Y17&"有" -> □有
A12: 10 | B12: =DataSheet!B18 -> 株式会社ＳＣＯＲＥ | C12: =DataSheet!D18 -> ６０１－８４１２ | D12: =DataSheet!E18 -> 京都府京都市南区西九条院町２６ | E12: =DataSheet!K18 -> 13734 | F12: 円 | G12: =TEXT(DataSheet!N18,"[$-411]ge.m.d")&"～"&CHAR(10)&TEXT(DataSheet!O18,"[$-411]ge.m.d") -> R4.8.2～ H/R . . | H12: =DataSheet!P18&"住宅ローン"&DataSheet!R18&"購入"&DataSheet!S18&"生活費 "&DataSheet!T18&"返済 "&DataSheet!U18&"飲食交際遊興費 "&DataSheet!Q18&"保証 "&DataSheet!V18&"その他" -> □住宅ローン☑購入□生活費 □返済 □飲食交際遊興費 □保証 □その他 | I12: =DataSheet!W18 -> 寝具、ヘッドホン | J12: =DataSheet!X18&"有" -> ☑有 | K12: =DataSheet!Y18&"有" -> □有
A13: 11 | B13: =DataSheet!B19 -> ＡＧ債権回収株式会社 サービシング部 | C13: =DataSheet!D19 -> ５２５－００３７ | D13: =DataSheet!E19 -> 滋賀県草津市西大路町１－１ | E13: =DataSheet!K19 -> 47733 | F13: 円 | G13: =TEXT(DataSheet!N19,"[$-411]ge.m.d")&"～"&CHAR(10)&TEXT(DataSheet!O19,"[$-411]ge.m.d") -> R4.9.22～ H/R . . | H13: =DataSheet!P19&"住宅ローン"&DataSheet!R19&"購入"&DataSheet!S19&"生活費 "&DataSheet!T19&"返済 "&DataSheet!U19&"飲食交際遊興費 "&DataSheet!Q19&"保証 "&DataSheet!V19&"その他" -> □住宅ローン□購入☑生活費 □返済 □飲食交際遊興費 □保証 □その他 | I13: =DataSheet!W19 -> アイフル株式会社R7.9.8債権譲渡 | J13: =DataSheet!X19&"有" -> ☑有 | K13: =DataSheet!Y19&"有" -> □有
A14: 12 | B14: =DataSheet!B20 -> ＫＤＤＩ株式会社 債権管理グループ 債務整理担当 | C14: =DataSheet!D20 -> １６３－８５０６ | D14: =DataSheet!E20 -> 東京都新宿区西新宿２－３－２ | E14: =DataSheet!K20 -> 124400 | F14: 円 | G14: =TEXT(DataSheet!N20,"[$-411]ge.m.d")&"～"&CHAR(10)&TEXT(DataSheet!O20,"[$-411]ge.m.d") -> H/R . . ～ H/R . . | H14: =DataSheet!P20&"住宅ローン"&DataSheet!R20&"購入"&DataSheet!S20&"生活費 "&DataSheet!T20&"返済 "&DataSheet!U20&"飲食交際遊興費 "&DataSheet!Q20&"保証 "&DataSheet!V20&"その他" -> □住宅ローン☑購入□生活費 □返済 □飲食交際遊興費 □保証 □その他 | I14: =DataSheet!W20 -> 回答拒否のため、金額不明 | J14: =DataSheet!X20&"有" -> □有 | K14: =DataSheet!Y20&"有" -> □有
A15: 13 | B15: =DataSheet!B21 -> ライフカード株式会社 | C15: =DataSheet!D21 -> ５２５－８５３１ | D15: =DataSheet!E21 -> 滋賀県草津市西大路町１－１ | E15: =DataSheet!K21 -> 29986 | F15: 円 | G15: =TEXT(DataSheet!N21,"[$-411]ge.m.d")&"～"&CHAR(10)&TEXT(DataSheet!O21,"[$-411]ge.m.d") -> R4.5.27～ H/R . . | H15: =DataSheet!P21&"住宅ローン"&DataSheet!R21&"購入"&DataSheet!S21&"生活費 "&DataSheet!T21&"返済 "&DataSheet!U21&"飲食交際遊興費 "&DataSheet!Q21&"保証 "&DataSheet!V21&"その他" -> □住宅ローン☑購入□生活費 □返済 □飲食交際遊興費 □保証 □その他 | I15: =DataSheet!W21 | J15: =DataSheet!X21&"有" -> ☑有 | K15: =DataSheet!Y21&"有" -> □有
A16: 14 | B16: =DataSheet!B22 -> アビリオ債権回収株式会社 東京第一事業部 | C16: =DataSheet!D22 -> １３５－００６１ | D16: =DataSheet!E22 -> 東京都江東区豊洲３－２－２０ 豊洲フロント６階 | E16: =DataSheet!K22 -> 36142 | F16: 円 | G16: =TEXT(DataSheet!N22,"[$-411]ge.m.d")&"～"&CHAR(10)&TEXT(DataSheet!O22,"[$-411]ge.m.d") -> H/R . . ～ H/R . . | H16: =DataSheet!P22&"住宅ローン"&DataSheet!R22&"購入"&DataSheet!S22&"生活費 "&DataSheet!T22&"返済 "&DataSheet!U22&"飲食交際遊興費 "&DataSheet!Q22&"保証 "&DataSheet!V22&"その他" -> □住宅ローン□購入□生活費 □返済 □飲食交際遊興費 □保証 □その他 | I16: =DataSheet!W22 -> 三井住友カード株式会社2025/3/10債権譲渡 | J16: =DataSheet!X22&"有" -> ☑有 | K16: =DataSheet!Y22&"有" -> □有
A17: 15 | B17: =DataSheet!B23 | C17: =DataSheet!D23 | D17: =DataSheet!E23 | E17: =DataSheet!K23 | F17: 円 | G17: =TEXT(DataSheet!N23,"[$-411]ge.m.d")&"～"&CHAR(10)&TEXT(DataSheet!O23,"[$-411]ge.m.d") -> H/R . . ～ H/R . . | H17: =DataSheet!P23&"住宅ローン"&DataSheet!R23&"購入"&DataSheet!S23&"生活費 "&DataSheet!T23&"返済 "&DataSheet!U23&"飲食交際遊興費 "&DataSheet!Q23&"保証 "&DataSheet!V23&"その他" -> □住宅ローン□購入□生活費 □返済 □飲食交際遊興費 □保証 □その他 | I17: =DataSheet!W23 | J17: =DataSheet!X23&"有" -> □有 | K17: =DataSheet!Y23&"有" -> □有
B19: １ 備考欄の記載方法
B20: (1) 「債権者名」欄が個人の場合は，申立人との関係を記載して下さい。
B21: (2) 「使途」欄が，
B22: ア 「購入」の場合は，物品名，購入金額，購入日及びその物品の現状（自宅保管，質入れ，売却）を記載して下さい。
B23: また，所有権留保の場合は，「備考」欄に「所有権留保付○○返還済」，「所有権留保付○○売却済・売却先○○㈱」と記載して下さい。
B24: イ 「保証」の場合は,主債務者名を，申立人との関係とともに記載する。
B25: ウ 「その他」の場合は,具体的内容を記載して下さい。
B26: ２ 下記金額欄の住宅ローン及び保証債務の金額が「0円」でも「0」の記載をして下さい。
B27: ３ 備考欄右横の調査票欄は，債権調査票のみでなく債権残高を示す資料があれば，「有」にチェックして下さい。
B28: 債権者数 | C28: 14 | D28: 債務総額 | E28: =SUM(E2:E17) -> 1626254 | F28: 円 | G28: 住宅ローンと保証債務を除いた額 | I28: =E28-E29-H29 -> 1626254 | J28: 円
D29: （うち住宅ローン | E29: 0 | F29: 円 | G29: ，保証債務 | H29: 0 | I29: 円）
